tre_ID	OG_1	OG_2	OG_3	OG_4	OG_5	OG_6	OG_7	OG_8	OG_9	OG_10	OG_11	OG_12	OG_13	OG_14	OG_15	OG_16	OG_17	OG_18	OG_19	OG_20	OG_21	OG_22	OG_23
OG0000622_254	CEC_0023151,MED_0016924,PHA_0010091,GLY_0011095,arharahy.Tifrunner.gnm1.Arahy.11g00431,SOL_0030903,ACT_0032989,CUC_0021224,ARA_0004046	AQU_0035154,CEC_0016363,GLY_0033335,PHA_0003786,MED_0008712,LOC107622460,arharahy.Tifrunner.gnm1.Arahy.20g00092	LOC107641626,ardaradu.V14167.gnm1.Aradu.A05g00314,arharahy.Tifrunner.gnm1.Arahy.05g00348,MED_0034781	LOC107609632,ardaradu.V14167.gnm1.Aradu.A08g00258,arharahy.Tifrunner.gnm1.Arahy.08g00256	ACT_0022072,VIT_0011530	LOC107619374,arharahy.Tifrunner.gnm1.Arahy.19g03447	BRA_0011993,ORY_0028906	BRA_0017726,ORY_0027410	ardaradu.V14167.gnm1.Aradu.A01g00788,arharahy.Tifrunner.gnm1.Arahy.01g00987	ardaradu.V14167.gnm1.Aradu.A04g01481,arharahy.Tifrunner.gnm1.Arahy.04g01974	AMB_0013109,NYM_0039904	BRA_0056533,ORY_0023195	BRA_0029697,ORY_0005236										
OG0000629_253	ARA_0025363,HEL_0032394,CEC_0029730,PHA_0026700,GLY_0059346,LOC107605494,arharahy.Tifrunner.gnm1.Arahy.16g03794,ASP_0008456,MED_0000489,POP_0005077	ACT_0008049,POP_0007535,DUN_0009265,VIT_0028197,MIM_0001650,COF_0020233,CUC_0022886,HEL_0013690	GLY_0053850,PHA_0011071,MED_0010686,LOC107614361,arharahy.Tifrunner.gnm1.Arahy.18g00245	CEC_0030617,LOC107619609,arharahy.Tifrunner.gnm1.Arahy.19g00794,MED_0026925	ASP_0018715,ORY_0013425,BRA_0032676	BRA_0028228,ORY_0005275	ardaradu.V14167.gnm1.Aradu.A06g02019,arharahy.Tifrunner.gnm1.Arahy.06g01993	ardaradu.V14167.gnm1.Aradu.A06g03409,arharahy.Tifrunner.gnm1.Arahy.06g03112	ardaradu.V14167.gnm1.Aradu.A09g00668,arharahy.Tifrunner.gnm1.Arahy.09g00681	ardaradu.V14167.gnm1.Aradu.A08g01173,arharahy.Tifrunner.gnm1.Arahy.08g01196	LOC107606310,arharahy.Tifrunner.gnm1.Arahy.17g03513	ardaradu.V14167.gnm1.Aradu.A08g01002,arharahy.Tifrunner.gnm1.Arahy.08g01009	LOC107605492,arharahy.Tifrunner.gnm1.Arahy.16g03791	ardaradu.V14167.gnm1.Aradu.A06g03407,arharahy.Tifrunner.gnm1.Arahy.06g03109	PHA_0029094,GLY_0051843	GLY_0062951,PHA_0025640	BRA_0030563,ORY_0025712	ORY_0007525,BRA_0024912	BRA_0026471,ORY_0007609	BRA_0005690,ORY_0020018			
OG0000630_253	ACT_0026979,COF_0007638,MIM_0003992,SOL_0025516,HEL_0001361,POP_0025872	CEC_0007783,GLY_0032492,PHA_0020969,LOC107634525,arharahy.Tifrunner.gnm1.Arahy.13g03005,MED_0030376	PHA_0027830,GLY_0069111,MED_0035570,LOC107645353,arharahy.Tifrunner.gnm1.Arahy.16g00292	COF_0009911,SOL_0024306,ARA_0012960,ACT_0003413	MED_0006476,GLY_0048829,PHA_0030796	ardaradu.V14167.gnm1.Aradu.A07g01339,arharahy.Tifrunner.gnm1.Arahy.07g01299	ardaradu.V14167.gnm1.Aradu.A03g03588,arharahy.Tifrunner.gnm1.Arahy.03g03565	ardaradu.V14167.gnm1.Aradu.A08g00045,arharahy.Tifrunner.gnm1.Arahy.08g00044	CIN_0006889,LIR_0006404	ardaradu.V14167.gnm1.Aradu.A07g02642,arharahy.Tifrunner.gnm1.Arahy.07g02419	LOC107642231,arharahy.Tifrunner.gnm1.Arahy.15g03956	ardaradu.V14167.gnm1.Aradu.A05g03675,arharahy.Tifrunner.gnm1.Arahy.05g03557	ardaradu.V14167.gnm1.Aradu.A06g01167,arharahy.Tifrunner.gnm1.Arahy.06g01234	LOC107637622,arharahy.Tifrunner.gnm1.Arahy.11g02743	ardaradu.V14167.gnm1.Aradu.A01g02915,arharahy.Tifrunner.gnm1.Arahy.01g02850								
OG0000631_253	PHA_0008461,GLY_0019897,MED_0015548	ardaradu.V14167.gnm1.Aradu.A10g02624,arharahy.Tifrunner.gnm1.Arahy.10g02367	VIT_0005824,ACT_0023292	LOC107622775,arharahy.Tifrunner.gnm1.Arahy.20g02315	ardaradu.V14167.gnm1.Aradu.A10g02107,arharahy.Tifrunner.gnm1.Arahy.10g01949																		
OG0000633_253	CEC_0007756,GLY_0037757,PHA_0023362,ardaradu.V14167.gnm1.Aradu.A07g01421,SOL_0023699,POP_0033010,PRU_0003588	ACT_0013958,COF_0012406,MIM_0009507,SOL_0031291,HEL_0015962	ACT_0027371,COF_0009442,SOL_0026199,MIM_0005833	PHA_0019435,GLY_0066313,ardaradu.V14167.gnm1.Aradu.A04g02967,arharahy.Tifrunner.gnm1.Arahy.04g02686	CIN_0005923,LIR_0045675	LOC107628103,arharahy.Tifrunner.gnm1.Arahy.12g00173	ardaradu.V14167.gnm1.Aradu.A07g01009,arharahy.Tifrunner.gnm1.Arahy.07g00989	LOC107635065,arharahy.Tifrunner.gnm1.Arahy.14g02955	CIN_0012908,LIR_0014441	CIN_0023138,LIR_0014562													
OG0000637_252	CEC_0028231,PHA_0030906,GLY_0055143,MED_0007457,LOC107638763,arharahy.Tifrunner.gnm1.Arahy.14g00792,POP_0004929,MIM_0028163,VIT_0018118	ASP_0002982,NYM_0023495,ardaradu.V14167.gnm1.Aradu.A06g01558,LOC107631102,arharahy.Tifrunner.gnm1.Arahy.20g02804	ORY_0020395,BRA_0015812,LIR_0013902,CIN_0004161	ASP_0018289,ORY_0029042,POP_0000113,BRA_0007623	LOC107635616,arharahy.Tifrunner.gnm1.Arahy.14g03686,ardaradu.V14167.gnm1.Aradu.A04g03643	BRA_0056664,ORY_0003348	ardaradu.V14167.gnm1.Aradu.A08g00765,arharahy.Tifrunner.gnm1.Arahy.08g00778	GLY_0031345,PHA_0031778	ardaradu.V14167.gnm1.Aradu.A04g00646,arharahy.Tifrunner.gnm1.Arahy.04g00679	GLY_0025747,PHA_0004586													
OG0000648_249	HEL_0039525,SOL_0019738,ACT_0030136,CEC_0024070,GLY_0018985,PHA_0009635,MED_0016603,LOC107606280,arharahy.Tifrunner.gnm1.Arahy.08g00966,POP_0007368,PRU_0043681,CUC_0013500,ARA_0001360	ASP_0001023,BRA_0005508,ORY_0018822,LIR_0000004,CIN_0010612,ARA_0024885	COF_0004786,SOL_0004285,MIM_0014640,ACT_0037935,CEC_0008797,VIT_0004599	MED_0042374,PHA_0034055,GLY_0026521,LOC107631779,arharahy.Tifrunner.gnm1.Arahy.13g04389	ORY_0005668,BRA_0028890	ORY_0028019,BRA_0000197	BRA_0052599,ORY_0021889	ardaradu.V14167.gnm1.Aradu.A08g00963,arharahy.Tifrunner.gnm1.Arahy.17g03473	ardaradu.V14167.gnm1.Aradu.A03g01003,arharahy.Tifrunner.gnm1.Arahy.03g01143	BRA_0014884,ORY_0011580	ardaradu.V14167.gnm1.Aradu.A03g04306,arharahy.Tifrunner.gnm1.Arahy.03g04291												
OG0000651_249	GLY_0050218,PHA_0011090,MED_0010774	LOC107617208,ardaradu.V14167.gnm1.Aradu.A07g02412,arharahy.Tifrunner.gnm1.Arahy.18g00063	BRA_0021956,ORY_0026033	BRA_0040345,ORY_0033965	BRA_0033476,ORY_0012981	ardaradu.V14167.gnm1.Aradu.A02g02770,arharahy.Tifrunner.gnm1.Arahy.02g02651	PHA_0022139,GLY_0073679	GLY_0025499,PHA_0003074	GLY_0022553,PHA_0000957														
OG0000652_249	CEC_0022880,GLY_0040501,PHA_0015391,LOC107629120,MED_0010459	AQU_0005151,COF_0009776,MIM_0022838,SOL_0030680	COF_0002083,SOL_0009054,MIM_0006669	CEC_0009570,PHA_0036958,GLY_0054083	BRA_0041141,ORY_0035869	BRA_0031905,ORY_0012226	ardaradu.V14167.gnm1.Aradu.A02g02839,arharahy.Tifrunner.gnm1.Arahy.02g02740	PHA_0027628,GLY_0010132	BRA_0042934,ORY_0015372	LOC107625212,arharahy.Tifrunner.gnm1.Arahy.12g01454	ardaradu.V14167.gnm1.Aradu.A02g01253,arharahy.Tifrunner.gnm1.Arahy.02g01259												
OG0000657_248	ardaradu.V14167.gnm1.Aradu.A08g01623,arharahy.Tifrunner.gnm1.Arahy.08g01658	ardaradu.V14167.gnm1.Aradu.A06g02120,arharahy.Tifrunner.gnm1.Arahy.06g02062	CIN_0014259,LIR_0047162	ardaradu.V14167.gnm1.Aradu.A10g02934,arharahy.Tifrunner.gnm1.Arahy.10g02692	ORY_0031085,BRA_0020954	LOC107630000,arharahy.Tifrunner.gnm1.Arahy.13g01570	ardaradu.V14167.gnm1.Aradu.A03g01157,arharahy.Tifrunner.gnm1.Arahy.03g01282																
OG0000658_248	ACT_0033809,COF_0015714,SOL_0028526,MIM_0016697,ARA_0024649,VIT_0026712,CUC_0022537,PRU_0031005	ARA_0019146,POP_0006316,CUC_0005163,PRU_0028827,ACT_0037589,VIT_0003601	BRA_0030535,ORY_0007166,ASP_0013413	BRA_0007408,ORY_0030031	BRA_0035334,ORY_0012387	AMB_0009662,NYM_0002101	ORY_0012086,BRA_0033206	CIN_0010419,LIR_0041250	PHA_0001392,GLY_0028579	LOC107617300,arharahy.Tifrunner.gnm1.Arahy.19g00543	ardaradu.V14167.gnm1.Aradu.A09g00434,arharahy.Tifrunner.gnm1.Arahy.09g00444	LOC107617295,arharahy.Tifrunner.gnm1.Arahy.19g00547	ardaradu.V14167.gnm1.Aradu.A09g00440,arharahy.Tifrunner.gnm1.Arahy.09g00448	LOC107617297,arharahy.Tifrunner.gnm1.Arahy.19g00546	ardaradu.V14167.gnm1.Aradu.A08g00663,arharahy.Tifrunner.gnm1.Arahy.08g00658	BRA_0015300,ORY_0009678	BRA_0006775,ORY_0016958						
OG0000665_247	AMB_0004389,AQU_0022568,CEC_0027661,PHA_0030190,GLY_0054537,ardaradu.V14167.gnm1.Aradu.A10g00310,arharahy.Tifrunner.gnm1.Arahy.10g00323,HEL_0010238,SOL_0014062,MIM_0029354,VIT_0020167,PRU_0017270,LIR_0000581,GIN_0011893	GLY_0024770,LOC107634638,arharahy.Tifrunner.gnm1.Arahy.13g03760,MED_0021102	LOC107627767,arharahy.Tifrunner.gnm1.Arahy.12g02611	ardaradu.V14167.gnm1.Aradu.A01g02927,arharahy.Tifrunner.gnm1.Arahy.01g02857	BRA_0005599,ORY_0020851	LOC107621489,arharahy.Tifrunner.gnm1.Arahy.20g02850	ardaradu.V14167.gnm1.Aradu.A07g01485,arharahy.Tifrunner.gnm1.Arahy.07g01487	LOC107615793,arharahy.Tifrunner.gnm1.Arahy.16g00847	LOC107617152,arharahy.Tifrunner.gnm1.Arahy.19g03946	ardaradu.V14167.gnm1.Aradu.A09g02897,arharahy.Tifrunner.gnm1.Arahy.09g02693	LOC107615574,arharahy.Tifrunner.gnm1.Arahy.19g02052	LOC107630086,arharahy.Tifrunner.gnm1.Arahy.13g02082	ardaradu.V14167.gnm1.Aradu.A03g01716,arharahy.Tifrunner.gnm1.Arahy.03g01876	ardaradu.V14167.gnm1.Aradu.A03g03703,arharahy.Tifrunner.gnm1.Arahy.03g03681	ardaradu.V14167.gnm1.Adur2305g00002,arharahy.Tifrunner.gnm1.Arahy.10g00336								
OG0000667_246	DUN_0005752,CHL_0007233,NYM_0037599,HEL_0045094,POP_0008978,AQU_0007258,SOL_0010388,CUC_0019050,MED_0029250,ARA_0008320,COF_0017658,MIM_0025047	CEC_0016780,GLY_0002383,PHA_0033972,LOC107642741,ORY_0006015,arharahy.Tifrunner.gnm1.Arahy.05g00674,VIT_0021142,CUC_0004328,PRU_0015978	CEC_0023507,LOC107605626,PHA_0028574,GLY_0051697,POP_0000160,PRU_0043188,VIT_0010784,CUC_0030176	PHA_0008237,GLY_0018278,LOC107610198,ardaradu.V14167.gnm1.Aradu.A08g00384	ACT_0005654,COF_0002585,MIM_0024837,VIT_0011474	PHA_0002408,GLY_0015652,LOC107627209	ardaradu.V14167.gnm1.Aradu.A02g02121,arharahy.Tifrunner.gnm1.Arahy.02g02020	BRA_0016002,ORY_0017470	BRA_0053126,ORY_0004286	ardaradu.V14167.gnm1.Aradu.A07g00825,arharahy.Tifrunner.gnm1.Arahy.07g00801	BRA_0048440,ORY_0022874	BRA_0019384,ORY_0026512	BRA_0003501,ORY_0027653	LOC107616177,ardaradu.V14167.gnm1.Aradu.A02g00439	GLY_0011454,PHA_0007598								
OG0000669_246	DUN_0010966,CHL_0005560,BRA_0002629,ORY_0019958,NYM_0016895,CUC_0021524,POP_0035571,PHA_0023774,GLY_0037495,MED_0025983,arharahy.Tifrunner.gnm1.Arahy.19g03087,LOC107617327,VIT_0018002,MAR_0015986	CEC_0021359,GLY_0015838,MED_0029522,PHA_0019821	PHA_0020842,GLY_0015434																				
OG0001259_162	CHL_0004292,DUN_0008883,CER_0061482,MAR_0003640,AMB_0008470,NYM_0008025,CIN_0005216,LIR_0043491,AQU_0015004,ARA_0024818,POP_0027697,CEC_0022175,GLY_0049276,PHA_0011971,MED_0009662,LOC107613520,arharahy.Tifrunner.gnm1.Arahy.18g01161,CUC_0020998,PRU_0021149,VIT_0024004,COF_0014279,MIM_0031203,SOL_0000684,HEL_0038919,ACT_0009627,ASP_0024647,ORY_0005612,BRA_0027794,GIN_0002454	CEC_0027816,GLY_0026685,PHA_0035968,LOC107626254,arharahy.Tifrunner.gnm1.Arahy.12g03203,MED_0021233,CUC_0005446,PRU_0019541,ARA_0006934,HEL_0018991,POP_0019512,VIT_0017499	GLY_0044052,PHA_0013280,MED_0020598,LOC107630136,arharahy.Tifrunner.gnm1.Arahy.13g01991	PHA_0031266,GLY_0054391,MED_0006497	ardaradu.V14167.gnm1.Aradu.A08g01946,arharahy.Tifrunner.gnm1.Arahy.08g01962	ardaradu.V14167.gnm1.Aradu.A03g03597,arharahy.Tifrunner.gnm1.Arahy.03g03576	ardaradu.V14167.gnm1.Aradu.A03g01614,arharahy.Tifrunner.gnm1.Arahy.03g01765																
OG0001260_162	CHL_0003136,DUN_0015685,MAR_0012545,CER_0004381,AMB_0019601,NYM_0038572,ASP_0005943,ORY_0021444,BRA_0056391,AQU_0021728,CIN_0010428,LIR_0025713,ARA_0023244,CEC_0012030,PHA_0002987,GLY_0060940,LOC107616854,arharahy.Tifrunner.gnm1.Arahy.19g01998,MED_0023664,CUC_0005923,PRU_0026783,POP_0006902,MIM_0016335,COF_0016131,SOL_0000561,HEL_0001990,ACT_0033455,VIT_0023343,GIN_0026689	ASP_0026548,ORY_0025033,BRA_0053667,NYM_0010786,AMB_0002078,CIN_0013621,LIR_0005197,CUC_0024832,PRU_0024804,ACT_0020751,SOL_0007605,CEC_0016149,LOC107642320,ardaradu.V14167.gnm1.Aradu.A05g00086,arharahy.Tifrunner.gnm1.Arahy.05g00089,GLY_0033424,PHA_0032532,MED_0029563,POP_0028422,GIN_0021797	LOC107627297,arharahy.Tifrunner.gnm1.Arahy.12g01651																				
OG0001266_162	CHL_0000558,DUN_0018764,AMB_0007806,ASP_0003916,ORY_0038107,BRA_0056648,CIN_0010758,COF_0009681,MIM_0004901,SOL_0030563,HEL_0045997,ACT_0028826,CER_0058484,VIT_0031422,PRU_0045866,ARA_0016761,CUC_0000954,POP_0036707,CEC_0011495,PHA_0005441,GLY_0060372,MED_0023128,ardaradu.V14167.gnm1.Aradu.A10g00024,arharahy.Tifrunner.gnm1.Arahy.10g00023,NYM_0024099,GIN_0005410	COF_0020570,HEL_0051674,MIM_0019643,SOL_0019946,ACT_0036846,ARA_0007470,POP_0025136,CEC_0017178,GLY_0002705,PHA_0032471,MED_0024404,LOC107604630,arharahy.Tifrunner.gnm1.Arahy.11g00002,PRU_0022560,VIT_0015507,AQU_0018340,ASP_0010816,CIN_0015521,LIR_0005434,AMB_0016466,GIN_0016507,CER_0062262	CIN_0016362,COF_0011879,LOC107644121,arharahy.Tifrunner.gnm1.Arahy.05g02903,HEL_0032824,GIN_0008311	GLY_0031358,PHA_0030302,MED_0007737,LOC107638974,arharahy.Tifrunner.gnm1.Arahy.14g01102	ardaradu.V14167.gnm1.Aradu.A01g02750,arharahy.Tifrunner.gnm1.Arahy.01g02670	LOC107639238,arharahy.Tifrunner.gnm1.Arahy.11g02933	LOC107644137,arharahy.Tifrunner.gnm1.Arahy.15g02880	ardaradu.V14167.gnm1.Aradu.A01g00837,arharahy.Tifrunner.gnm1.Arahy.01g00937	ardaradu.V14167.gnm1.Aradu.A04g00957,arharahy.Tifrunner.gnm1.Arahy.04g00973														
OG0001267_162	CEC_0031151,PHA_0006749,GLY_0070536,LOC107648068,arharahy.Tifrunner.gnm1.Arahy.16g01384,MED_0024034	BRA_0016358,ORY_0017544	GLY_0070537,PHA_0008392	LOC107605189,arharahy.Tifrunner.gnm1.Arahy.16g03286	ardaradu.V14167.gnm1.Aradu.A06g03091,arharahy.Tifrunner.gnm1.Arahy.16g03452	ardaradu.V14167.gnm1.Aradu.A06g03087,arharahy.Tifrunner.gnm1.Arahy.16g03449	ardaradu.V14167.gnm1.Aradu.A06g00167,arharahy.Tifrunner.gnm1.Arahy.06g00183																
OG0001270_161	ardaradu.V14167.gnm1.Aradu.A08g00153,arharahy.Tifrunner.gnm1.Arahy.08g00154	ardaradu.V14167.gnm1.Aradu.A10g02766,arharahy.Tifrunner.gnm1.Arahy.10g02522	ardaradu.V14167.gnm1.Aradu.A02g02167,arharahy.Tifrunner.gnm1.Arahy.02g02060																				
OG0001272_161	ARA_0005447,CEC_0016636,MED_0024976,GLY_0002239,LOC107642841,arharahy.Tifrunner.gnm1.Arahy.15g00837,CUC_0019391,PRU_0030513,COF_0017527,SOL_0032116,HEL_0025406,MIM_0032549,ACT_0000118	PHA_0005516,GLY_0003931,MED_0040538	BRA_0013939,ORY_0018020	BRA_0041571,ORY_0013754	ardaradu.V14167.gnm1.Aradu.A07g01200,arharahy.Tifrunner.gnm1.Arahy.07g01185	GLY_0041459,PHA_0030514	LOC107637248,arharahy.Tifrunner.gnm1.Arahy.11g00248	ardaradu.V14167.gnm1.Aradu.A01g00677,arharahy.Tifrunner.gnm1.Arahy.01g00686	COF_0017526,SOL_0014575	ardaradu.V14167.gnm1.Aradu.A05g00807,arharahy.Tifrunner.gnm1.Arahy.05g00813													
OG0001277_161	ACT_0034816,COF_0012461,MIM_0009703,SOL_0022633,HEL_0018455,CUC_0016188,GLY_0013281,PHA_0009068,POP_0013660,PRU_0022357,VIT_0006043,AQU_0037991,ASP_0023991,LIR_0017816,AMB_0001557,GIN_0025198	CEC_0023618,PRU_0037239,POP_0038305,HEL_0036119,VIT_0027963	PHA_0011160,GLY_0050172,MED_0010720,LOC107612659,arharahy.Tifrunner.gnm1.Arahy.18g00217	ORY_0016264,BRA_0035767	ORY_0021094,BRA_0046733																		
OG0001278_161	CHL_0006814,DUN_0017406,AMB_0017741,CIN_0000234,LIR_0034140,ASP_0010883,ORY_0017345,BRA_0019036,AQU_0033236,VIT_0004585,ACT_0039771,HEL_0025558,COF_0005538,SOL_0012161,MIM_0017592,POP_0027444,PRU_0043535,CEC_0013041,GLY_0042124,PHA_0027066,MED_0026360,LOC107623286,ardaradu.V14167.gnm1.Aradu.A10g00744,arharahy.Tifrunner.gnm1.Arahy.10g00774,ARA_0026595,MAR_0003379,NYM_0039335	ASP_0022052,ORY_0015138,BRA_0039412,AQU_0029709,ARA_0026922,POP_0030952,CEC_0028948,GLY_0032041,PHA_0007094,MED_0008530,LOC107632142,ardaradu.V14167.gnm1.Aradu.A03g04903,arharahy.Tifrunner.gnm1.Arahy.13g05073,CUC_0002589,PRU_0018942,VIT_0020686,COF_0022611,MIM_0028290,SOL_0013437,HEL_0042772,ACT_0013675,CIN_0006482,LIR_0015657,NYM_0014726	GLY_0012570,PHA_0016837,MED_0011182,CEC_0021307,VIT_0019339	ORY_0014127,BRA_0038323																			
OG0001280_161	CEC_0005257,PHA_0009851,GLY_0019235,MED_0008625,LOC107606112,arharahy.Tifrunner.gnm1.Arahy.17g03246	ASP_0016445,BRA_0051320,ORY_0022274	LOC107642448,ardaradu.V14167.gnm1.Aradu.A05g00237,arharahy.Tifrunner.gnm1.Arahy.05g00268	ardaradu.V14167.gnm1.Aradu.A01g00720,arharahy.Tifrunner.gnm1.Arahy.01g01063	AMB_0006616,NYM_0023218	ardaradu.V14167.gnm1.Aradu.A08g00744,arharahy.Tifrunner.gnm1.Arahy.08g00755	GLY_0033606,PHA_0036670																
OG0001284_160	CHL_0012870,DUN_0007337,GIN_0025678,NYM_0008050,COF_0003877,MIM_0031014,SOL_0025186,HEL_0048986,ACT_0015019,ARA_0011083,POP_0000537,CEC_0031775,GLY_0022103,PHA_0001570,MED_0017131,LOC107638393,arharahy.Tifrunner.gnm1.Arahy.14g00052,CUC_0025136,PRU_0031845,VIT_0028904,AQU_0019549,ASP_0018617,ORY_0022044,BRA_0053929,CIN_0017466,LIR_0007127,CER_0027469,MAR_0005436	AMB_0002405,ASP_0025413,CEC_0008562,PHA_0005257,GLY_0067734,MED_0016389,ardaradu.V14167.gnm1.Aradu.A10g03028,arharahy.Tifrunner.gnm1.Arahy.10g02792,PRU_0034004,VIT_0002200,POP_0034008,ACT_0007990,COF_0017516,SOL_0016163,MIM_0032964,HEL_0026325	ACT_0017988,VIT_0015072	GLY_0053514,PHA_0011434																			
OG0001285_160	AMB_0002192,PRU_0014770,CEC_0004913,MED_0003918,LOC107618461,arharahy.Tifrunner.gnm1.Arahy.19g02045,GLY_0073584,PHA_0023237,CUC_0010938,VIT_0000626,SOL_0009023	CEC_0005389,GLY_0003331,PHA_0024808,VIT_0021722,ACT_0025210,MIM_0008127,COF_0002122,POP_0016081,LIR_0007677,CIN_0008453	ardaradu.V14167.gnm1.Aradu.A03g04252,arharahy.Tifrunner.gnm1.Arahy.03g04233	ardaradu.V14167.gnm1.Aradu.A09g01854,arharahy.Tifrunner.gnm1.Arahy.09g01752	ardaradu.V14167.gnm1.Aradu.A02g00769,arharahy.Tifrunner.gnm1.Arahy.02g00813	LOC107645251,arharahy.Tifrunner.gnm1.Arahy.16g00169	ardaradu.V14167.gnm1.Aradu.A06g01289,arharahy.Tifrunner.gnm1.Arahy.06g01388	VIT_0031722,ACT_0017044															
OG0001289_160	ardaradu.V14167.gnm1.Aradu.A06g01882,arharahy.Tifrunner.gnm1.Arahy.06g01865	ardaradu.V14167.gnm1.Aradu.A07g00109,arharahy.Tifrunner.gnm1.Arahy.07g00074	ardaradu.V14167.gnm1.Aradu.A10g02578,arharahy.Tifrunner.gnm1.Arahy.10g02334	ORY_0002045,BRA_0048576	BRA_0002558,ORY_0017241																		
OG0001294_159	COF_0003037,ACT_0037143,VIT_0009676,POP_0016959,PRU_0044148	ardaradu.V14167.gnm1.Aradu.A07g02842,arharahy.Tifrunner.gnm1.Arahy.07g02246	LOC107607890,arharahy.Tifrunner.gnm1.Arahy.12g00124	ardaradu.V14167.gnm1.Aradu.A09g01500,arharahy.Tifrunner.gnm1.Arahy.09g01490																			
OG0001297_159	CHL_0006916,DUN_0011960,CER_0070767,MAR_0013453,AMB_0018636,NYM_0039076,ASP_0013235,BRA_0014083,ORY_0027867,CIN_0011669,LIR_0039316,AQU_0018365,VIT_0026309,ARA_0000220,POP_0039987,CEC_0011872,GLY_0035527,PHA_0025333,MED_0023491,LOC107642500,arharahy.Tifrunner.gnm1.Arahy.11g03321,CUC_0005778,PRU_0042131,ACT_0030634,COF_0015929,MIM_0016894,SOL_0002117,HEL_0020940	ardaradu.V14167.gnm1.Aradu.A01g02418,arharahy.Tifrunner.gnm1.Arahy.01g02275	LOC107613081,arharahy.Tifrunner.gnm1.Arahy.18g02574	ardaradu.V14167.gnm1.Aradu.A04g02434,arharahy.Tifrunner.gnm1.Arahy.18g02570	LOC107624847,arharahy.Tifrunner.gnm1.Arahy.11g00761	ardaradu.V14167.gnm1.Aradu.A01g00197,arharahy.Tifrunner.gnm1.Arahy.01g00216	LOC107646191,arharahy.Tifrunner.gnm1.Arahy.11g00765	ardaradu.V14167.gnm1.Aradu.A01g00192,arharahy.Tifrunner.gnm1.Arahy.01g00212	ardaradu.V14167.gnm1.Aradu.A01g00195,arharahy.Tifrunner.gnm1.Arahy.11g00762	LOC107613595,arharahy.Tifrunner.gnm1.Arahy.18g02582	LOC107613594,arharahy.Tifrunner.gnm1.Arahy.18g02583	ardaradu.V14167.gnm1.Aradu.A08g02275,arharahy.Tifrunner.gnm1.Arahy.08g02304	ardaradu.V14167.gnm1.Aradu.A08g02273,arharahy.Tifrunner.gnm1.Arahy.08g02303	LOC107614405,arharahy.Tifrunner.gnm1.Arahy.18g02588	ardaradu.V14167.gnm1.Aradu.A08g02279,arharahy.Tifrunner.gnm1.Arahy.08g02305	LOC107614303,arharahy.Tifrunner.gnm1.Arahy.18g02753	ardaradu.V14167.gnm1.Aradu.A08g02386,arharahy.Tifrunner.gnm1.Arahy.08g02407	LOC107611433,arharahy.Tifrunner.gnm1.Arahy.18g02580	ardaradu.V14167.gnm1.Aradu.A08g02270,arharahy.Tifrunner.gnm1.Arahy.08g02302	ardaradu.V14167.gnm1.Aradu.A04g02435,arharahy.Tifrunner.gnm1.Arahy.04g02205	ardaradu.V14167.gnm1.Aradu.A08g02269,arharahy.Tifrunner.gnm1.Arahy.08g02301	GLY_0046606,PHA_0005885	GLY_0001642,PHA_0001868
OG0001299_159	CHL_0018866,DUN_0009412,MAR_0021446,GIN_0025076,AMB_0008088,NYM_0042997,ARA_0011686,CEC_0004976,PHA_0030433,GLY_0070285,MED_0036827,LOC107645851,arharahy.Tifrunner.gnm1.Arahy.16g01131,CUC_0010998,PRU_0016571,POP_0041839,COF_0008716,VIT_0001250,AQU_0008601,ORY_0013051,BRA_0039648,ASP_0017390,CIN_0008002,LIR_0008606	AMB_0017089,NYM_0019196,ORY_0026084,BRA_0022096,ASP_0011312,AQU_0036734,ARA_0026391,POP_0050598,CUC_0022996,PRU_0036171,CEC_0006854,GLY_0057785,PHA_0026638,MED_0034803,LOC107604836,arharahy.Tifrunner.gnm1.Arahy.16g02847,VIT_0002093,COF_0017126,MIM_0013695,SOL_0015495,HEL_0043540,ACT_0009917	ASP_0018487,ORY_0016125,BRA_0035581																				
OG0001307_159	CEC_0005867,MED_0035884,LOC107648216,arharahy.Tifrunner.gnm1.Arahy.16g01656,ARA_0017598,CUC_0003915,PRU_0013180,VIT_0003374,ACT_0030304,COF_0014926,MIM_0015403,SOL_0008133,HEL_0019240	AQU_0024906,CEC_0006048,LOC107648739,arharahy.Tifrunner.gnm1.Arahy.16g01946,ARA_0021049,BRA_0013900,ORY_0010746,COF_0015078,VIT_0003450,LIR_0007638,CIN_0003389,NYM_0012985	PHA_0019170,GLY_0004438,arharahy.Tifrunner.gnm1.Arahy.14g03725,ardaradu.V14167.gnm1.Aradu.A04g03675	ardaradu.V14167.gnm1.Aradu.A06g01942,arharahy.Tifrunner.gnm1.Arahy.06g01804	ORY_0016861,BRA_0002633	ardaradu.V14167.gnm1.Aradu.A06g01461,arharahy.Tifrunner.gnm1.Arahy.06g01562																	
OG0001309_158	MAR_0019918,GIN_0024998,AMB_0008439,NYM_0028502,ORY_0009882,BRA_0010764,ASP_0016443,HEL_0007177,LIR_0041510,CIN_0005748,AQU_0022727,VIT_0022713,ARA_0022174,POP_0027956,CEC_0022122,GLY_0045153,PHA_0012056,MED_0009604,ardaradu.V14167.gnm1.Aradu.A03g02564,arharahy.Tifrunner.gnm1.Arahy.03g02693,CUC_0026334,PRU_0017690,COF_0014234,MIM_0030345,SOL_0017963,ACT_0005158,CER_0037511	COF_0003906,MIM_0015804,HEL_0005036,ACT_0005596,CUC_0021772,ARA_0016081,CEC_0013241,PHA_0023356,GLY_0071904,MED_0005981,LOC107617134,arharahy.Tifrunner.gnm1.Arahy.19g03473,PRU_0042143,POP_0040704,VIT_0020840,AQU_0042203,CIN_0004920,LIR_0012391,ORY_0001375,BRA_0051505,ASP_0012632,NYM_0017878,AMB_0016726	GLY_0021151,PHA_0013357,MED_0039448,ardaradu.V14167.gnm1.Aradu.A03g01703,arharahy.Tifrunner.gnm1.Arahy.03g01851	GLY_0070640,PHA_0002920,MED_0001702	LOC107612107,arharahy.Tifrunner.gnm1.Arahy.18g01536	LOC107613854,arharahy.Tifrunner.gnm1.Arahy.18g01370	ardaradu.V14167.gnm1.Aradu.A09g03305,arharahy.Tifrunner.gnm1.Arahy.09g03142	LOC107630096,arharahy.Tifrunner.gnm1.Arahy.13g02065															
OG0001311_158	ARA_0017741,VIT_0029235,CEC_0031758,GLY_0057961,MED_0032891,LOC107648431,arharahy.Tifrunner.gnm1.Arahy.16g03012,PRU_0034434,POP_0045080,MIM_0011065	PHA_0028918,GLY_0051802,MED_0000553,LOC107605552,arharahy.Tifrunner.gnm1.Arahy.16g03860	BRA_0032998,ORY_0015051	BRA_0026873,ORY_0006285	ardaradu.V14167.gnm1.Aradu.A01g01621,arharahy.Tifrunner.gnm1.Arahy.01g01599	ardaradu.V14167.gnm1.Aradu.A08g01018,arharahy.Tifrunner.gnm1.Arahy.08g01025	ardaradu.V14167.gnm1.Aradu.A06g02813,arharahy.Tifrunner.gnm1.Arahy.06g02680	LOC107647457,arharahy.Tifrunner.gnm1.Arahy.16g03005	ardaradu.V14167.gnm1.Aradu.A06g02808,arharahy.Tifrunner.gnm1.Arahy.06g02676	ardaradu.V14167.gnm1.Aradu.A06g02820,arharahy.Tifrunner.gnm1.Arahy.06g02683	ardaradu.V14167.gnm1.Aradu.A06g03442,arharahy.Tifrunner.gnm1.Arahy.06g03145	LOC107643026,arharahy.Tifrunner.gnm1.Arahy.15g01066	ardaradu.V14167.gnm1.Aradu.A05g01040,arharahy.Tifrunner.gnm1.Arahy.05g01046										
OG0001312_158	CIN_0026417,LIR_0003248,ASP_0017822,ORY_0016205,BRA_0033630,CEC_0012810,PHA_0007307,GLY_0020135,LOC107613245,arharahy.Tifrunner.gnm1.Arahy.18g03355,MED_0015760,CUC_0013038,PRU_0022137,VIT_0006616,POP_0020761,ACT_0004709,COF_0012196,SOL_0031239,HEL_0005464,MIM_0008929,ARA_0022080,AQU_0039357	GLY_0017070,PHA_0033068,LOC107630835,arharahy.Tifrunner.gnm1.Arahy.13g03303	ardaradu.V14167.gnm1.Aradu.A08g02824,arharahy.Tifrunner.gnm1.Arahy.08g02955	ardaradu.V14167.gnm1.Aradu.A03g03100,arharahy.Tifrunner.gnm1.Arahy.03g03066																			
OG0001317_157	BRA_0045025,ORY_0002430,ASP_0002946,CIN_0021722	LOC107605039,arharahy.Tifrunner.gnm1.Arahy.16g02960	ardaradu.V14167.gnm1.Aradu.A04g03101,arharahy.Tifrunner.gnm1.Arahy.04g02806																				
OG0001318_157	COF_0005366,MIM_0016935,HEL_0051176,SOL_0003782,ACT_0019297	ASP_0018836,BRA_0038789,ORY_0034253,SOL_0016580,CIN_0008050	ardaradu.V14167.gnm1.Aradu.A06g00400,arharahy.Tifrunner.gnm1.Arahy.06g00426	BRA_0036938,ORY_0016359	ardaradu.V14167.gnm1.Aradu.A08g02809,arharahy.Tifrunner.gnm1.Arahy.08g02935	ardaradu.V14167.gnm1.Aradu.A08g01527,arharahy.Tifrunner.gnm1.Arahy.15g01978	ardaradu.V14167.gnm1.Aradu.A09g03450,arharahy.Tifrunner.gnm1.Arahy.09g03317	LOC107633517,arharahy.Tifrunner.gnm1.Arahy.13g03329	ardaradu.V14167.gnm1.Aradu.A03g03134,arharahy.Tifrunner.gnm1.Arahy.03g03091														
OG0001319_157	CHL_0008411,DUN_0006980,CER_0022028,ACT_0033173,COF_0002148,MIM_0007884,SOL_0028037,HEL_0011148,ARA_0004989,POP_0015151,CEC_0005348,GLY_0039557,PHA_0032301,MED_0036518,LOC107646072,arharahy.Tifrunner.gnm1.Arahy.16g00821,CUC_0006689,PRU_0006636,VIT_0022374,AQU_0002332,CIN_0002763,ASP_0009942,ORY_0017131,BRA_0008608,LIR_0001237,NYM_0023379,AMB_0008875,GIN_0009387,MAR_0018965	GLY_0034755,PHA_0023500,MED_0004312,LOC107617664,arharahy.Tifrunner.gnm1.Arahy.19g01339	ardaradu.V14167.gnm1.Aradu.A06g00681,arharahy.Tifrunner.gnm1.Arahy.06g00726	ardaradu.V14167.gnm1.Aradu.A09g01123,arharahy.Tifrunner.gnm1.Arahy.09g01122	PHA_0028599,GLY_0069982																		
OG0002437_101	CHL_0004281,DUN_0018648,MAR_0007853,GIN_0012549,ASP_0020125,BRA_0053216,ORY_0023141,CIN_0026507,LIR_0043593,AMB_0001576,NYM_0001826,AQU_0022778,COF_0003393,SOL_0004034,HEL_0002313,MIM_0009381,ARA_0017269,CUC_0008956,POP_0039747,CEC_0012280,PHA_0005413,GLY_0061566,MED_0022600,LOC107645984,arharahy.Tifrunner.gnm1.scaffold_301g00001,PRU_0027473,VIT_0025868,ACT_0006132,CER_0038727	ACT_0040242,COF_0014244,SOL_0028327,MIM_0029468,HEL_0046654,ARA_0004483,POP_0019458,CEC_0022142,GLY_0045130,PHA_0011456,arharahy.Tifrunner.gnm1.Arahy.08g02065,ardaradu.V14167.gnm1.Adur2704g00001,MED_0009616,PRU_0018179,VIT_0023255,AQU_0029291,AMB_0007633,GIN_0020448,NYM_0005784,CIN_0018199,LIR_0042546,ASP_0014508,BRA_0039190,ORY_0014971,CER_0053961,MAR_0010982	LOC107630415,arharahy.Tifrunner.gnm1.Arahy.13g02555	ardaradu.V14167.gnm1.Aradu.A06g00556,arharahy.Tifrunner.gnm1.Arahy.06g00598	LOC107612912,arharahy.Tifrunner.gnm1.Arahy.18g01349	ardaradu.V14167.gnm1.Aradu.A02g02363,arharahy.Tifrunner.gnm1.Arahy.02g02243																	
OG0002447_101	GLY_0001972,PHA_0034150,MED_0025294,LOC107642466,ardaradu.V14167.gnm1.Aradu.A06g03239,arharahy.Tifrunner.gnm1.Arahy.06g02949	ardaradu.V14167.gnm1.Aradu.A01g00769,arharahy.Tifrunner.gnm1.Arahy.01g01005	ardaradu.V14167.gnm1.Aradu.A05g00300,arharahy.Tifrunner.gnm1.Arahy.05g00333																				
OG0002462_100	CHL_0008747,DUN_0008687,MAR_0016148,CER_0048947,GIN_0024165,ASP_0004232,ORY_0028458,BRA_0013150,AMB_0013246,NYM_0035723,CIN_0025675,LIR_0005841,AQU_0013850,ARA_0002603,CUC_0016097,CEC_0030008,PHA_0009089,GLY_0031558,LOC107639121,arharahy.Tifrunner.gnm1.Arahy.14g01374,MED_0007984,POP_0014580,VIT_0012817,PRU_0034643	GIN_0027048,BRA_0007866,ORY_0029298,NYM_0017346,CIN_0016102,ARA_0023020,CUC_0013174,CEC_0008327,PHA_0017357,GLY_0066609,MED_0032159,arharahy.Tifrunner.gnm1.Arahy.04g03005,LOC107635334,PRU_0035805,POP_0051428,COF_0018264,SOL_0013703,HEL_0022837,VIT_0000633,ACT_0000627,AQU_0042364,ASP_0016424,AMB_0005439	PHA_0034797,GLY_0027029,MED_0021589,LOC107631498,arharahy.Tifrunner.gnm1.Arahy.13g04715																				
OG0002464_100	CHL_0002140,DUN_0002809,ASP_0005080,BRA_0024598,ORY_0026156,CIN_0011235,LIR_0036993,AMB_0005828,MAR_0006514,CER_0074554,GIN_0000165,NYM_0025029,AQU_0019898,ACT_0015230,CUC_0011714,COF_0018958,PRU_0027911,MED_0003886,PHA_0006236,GLY_0046820,ardaradu.V14167.gnm1.Aradu.A05g01846,arharahy.Tifrunner.gnm1.Arahy.04g01653,VIT_0025918,POP_0043127,MIM_0020799,HEL_0023917,SOL_0003442	ardaradu.V14167.gnm1.Aradu.A07g00326,LOC107606541,arharahy.Tifrunner.gnm1.Arahy.17g00460	LOC107643561,arharahy.Tifrunner.gnm1.Arahy.11g03452	ardaradu.V14167.gnm1.Aradu.A01g02272,arharahy.Tifrunner.gnm1.Arahy.01g02138	LOC107647862,arharahy.Tifrunner.gnm1.Arahy.01g02137																		
OG0002466_100	CHL_0016270,DUN_0000716,MAR_0023080,CER_0018383,GIN_0009844,NYM_0019285,AQU_0040638,BRA_0013152,ORY_0029485,ASP_0017601,CIN_0018377,LIR_0027436,CEC_0023747,GLY_0066146,PHA_0017701,LOC107641168,arharahy.Tifrunner.gnm1.Arahy.15g03009,MED_0034347,CUC_0013090,PRU_0027374,POP_0013548,ARA_0018449,MIM_0005489,SOL_0020294,COF_0016691,VIT_0005632,HEL_0009398,ACT_0034597,AMB_0010071	GLY_0023318,PHA_0002157,MED_0038620,LOC107609458,arharahy.Tifrunner.gnm1.Arahy.17g01742	LOC107637012,arharahy.Tifrunner.gnm1.Arahy.14g02654,ardaradu.V14167.gnm1.Aradu.A04g02653	ardaradu.V14167.gnm1.Aradu.A05g02948,arharahy.Tifrunner.gnm1.Arahy.05g02800	ardaradu.V14167.gnm1.Aradu.A07g01557,arharahy.Tifrunner.gnm1.Arahy.07g01419	PHA_0017407,GLY_0066142	LOC107637010,arharahy.Tifrunner.gnm1.Arahy.14g02645	ardaradu.V14167.gnm1.Aradu.A04g02647,arharahy.Tifrunner.gnm1.Arahy.04g02392															
OG0002470_100	DUN_0007319,CHL_0018532,CER_0066644,ASP_0005120,BRA_0007164,ORY_0005964,VIT_0023676,CEC_0025283,PHA_0015960,GLY_0007110,MED_0032777,LOC107609748,arharahy.Tifrunner.gnm1.Arahy.17g00404,CUC_0012574,PRU_0045529,MIM_0029685	BRA_0012410,ORY_0016791	BRA_0016683,ORY_0022028																				
OG0002471_100	MAR_0004664,COF_0004115,SOL_0026517,MIM_0018159,HEL_0037198,ACT_0013401,VIT_0003999,ARA_0017126,POP_0037533,CEC_0013494,PHA_0001188,GLY_0007631,MED_0038605,arharahy.Tifrunner.gnm1.Arahy.02g02555,ardaradu.V14167.gnm1.Aradu.A02g02676,CUC_0023404,PRU_0040338,ORY_0001266,BRA_0052009,NYM_0033425,ASP_0010975,LIR_0030062,CIN_0005218,AQU_0040823,AMB_0015185,GIN_0007647,CER_0030787,CHL_0006169,DUN_0004086	ORY_0028089,BRA_0003460,ASP_0004252,AMB_0005240,CIN_0017271,LIR_0031337,ARA_0007969,POP_0017873,CEC_0025618,GLY_0019236,PHA_0008416,MED_0014099,LOC107606111,arharahy.Tifrunner.gnm1.Arahy.17g03244,CUC_0005644,PRU_0037000,VIT_0011166,COF_0002796,SOL_0009978,HEL_0011688,MIM_0004630,ACT_0012154,AQU_0006913,GIN_0012028	PHA_0005159,GLY_0034443,MED_0001568,ardaradu.V14167.gnm1.Aradu.A10g03379,arharahy.Tifrunner.gnm1.Arahy.10g03191	MED_0026747,PHA_0016802,LOC107607381,arharahy.Tifrunner.gnm1.Arahy.17g02284	LOC107627879,arharahy.Tifrunner.gnm1.Arahy.12g02864	ardaradu.V14167.gnm1.Aradu.A08g00743,arharahy.Tifrunner.gnm1.Arahy.08g00754	ardaradu.V14167.gnm1.Aradu.A08g01139,arharahy.Tifrunner.gnm1.Arahy.08g01146																
OG0002485_100	CHL_0004039,DUN_0003472,MAR_0019285,GIN_0000285,NYM_0021787,ACT_0040420,COF_0013031,MIM_0007438,VIT_0000568,HEL_0016085,ARA_0006947,POP_0014360,CEC_0025845,MED_0023430,PHA_0017215,GLY_0006676,ardaradu.V14167.gnm1.Aradu.A07g00736,LOC107648300,arharahy.Tifrunner.gnm1.Arahy.16g02218,SOL_0021715,ASP_0010924,BRA_0049463,CIN_0015130,ORY_0016543,CUC_0003223,PRU_0033753,CER_0054090	LOC107619086,arharahy.Tifrunner.gnm1.Arahy.19g03781,ardaradu.V14167.gnm1.Aradu.A09g03050	LOC107608030,arharahy.Tifrunner.gnm1.Arahy.17g00911	ardaradu.V14167.gnm1.Aradu.A07g00738,arharahy.Tifrunner.gnm1.Arahy.07g00716	LOC107610059,arharahy.Tifrunner.gnm1.Arahy.17g02290																		
OG0002508_99	DUN_0011122,CHL_0000094,MAR_0020180,CER_0036233,AMB_0007035,ASP_0004636,BRA_0018736,ORY_0026418,CIN_0000633,LIR_0008462,ARA_0007117,POP_0028272,CEC_0009530,PHA_0027341,GLY_0063484,MED_0032077,LOC107638237,arharahy.Tifrunner.gnm1.Arahy.14g00288,VIT_0031321,PRU_0038853,CUC_0019559,COF_0024837,SOL_0029877,MIM_0002519,HEL_0042537,ACT_0003237,AQU_0004547,NYM_0042042	ACT_0023661,HEL_0007602,SOL_0023149,VIT_0030831,ARA_0001151,CUC_0006412,PRU_0041849,PHA_0011231,GLY_0050055,MED_0010586,LOC107613779,arharahy.Tifrunner.gnm1.Arahy.08g01286,ardaradu.V14167.gnm1.Aradu.A08g01257,CEC_0023013,POP_0051430,AQU_0003447,CIN_0026086,LIR_0003430,ASP_0020221,ORY_0008019,BRA_0028166,NYM_0039122,AMB_0018045,GIN_0015996	BRA_0016872,ORY_0025389																				
OG0002511_99	MAR_0000479,GIN_0003963,CER_0071934,AMB_0021233,ORY_0014433,BRA_0036992,AQU_0020848,ARA_0012813,POP_0011447,CEC_0017311,GLY_0017239,PHA_0008839,MED_0041934,LOC107630732,arharahy.Tifrunner.gnm1.Arahy.13g03139,CUC_0003194,PRU_0023855,COF_0020722,HEL_0022516,MIM_0006639,SOL_0020845,ACT_0029226,VIT_0014575,CIN_0009183,LIR_0016005,NYM_0029529,CHL_0009078,DUN_0013552	ACT_0039282,SOL_0009399,HEL_0003111,ARA_0016883,BRA_0040096,ORY_0035123,CEC_0000863,PHA_0015263,GLY_0040189,MED_0020090,LOC107632281,arharahy.Tifrunner.gnm1.Arahy.13g00893,POP_0047998,PRU_0015941,VIT_0003829,CIN_0010934,LIR_0028825,ASP_0002705,AMB_0014262	LOC107618688,arharahy.Tifrunner.gnm1.Arahy.19g00919,ardaradu.V14167.gnm1.Aradu.A02g00123	BRA_0032359,ORY_0012316,ASP_0001628	ardaradu.V14167.gnm1.Aradu.A03g02926,arharahy.Tifrunner.gnm1.Arahy.03g02906	ardaradu.V14167.gnm1.Aradu.A03g00523,arharahy.Tifrunner.gnm1.Arahy.03g00813																	
OG0002519_99	CHL_0017795,DUN_0014810,ACT_0036932,VIT_0002724,COF_0015239,SOL_0009454,MIM_0030907,AQU_0001128,ARA_0018153,HEL_0021996,CEC_0006200,MED_0036213,PHA_0026555,GLY_0069708,LOC107604654,arharahy.Tifrunner.gnm1.Arahy.16g02190,CUC_0005152,PRU_0028568,POP_0008145,ASP_0019250,LIR_0019004,AMB_0000776,CIN_0027743,ORY_0012844,BRA_0033387,NYM_0009136,MAR_0001185,CER_0052048,GIN_0013555	ARA_0015589,CUC_0024780,POP_0031459,CEC_0016947,GLY_0002514,PHA_0034932,LOC107642629,ardaradu.V14167.gnm1.Aradu.A05g02757,arharahy.Tifrunner.gnm1.Arahy.05g02625,MED_0024649,PRU_0024273,VIT_0015289,COF_0019355,SOL_0019106,MIM_0018481	ardaradu.V14167.gnm1.Aradu.A06g02038,arharahy.Tifrunner.gnm1.Arahy.06g01999	ardaradu.V14167.gnm1.Aradu.A05g00480,arharahy.Tifrunner.gnm1.Arahy.05g00517	PHA_0002746,GLY_0061959																		
OG0002521_99	CHL_0005438,DUN_0014283,MAR_0020996,AMB_0015432,LIR_0032045,CIN_0017783,ASP_0009479,ORY_0021633,BRA_0048676,ARA_0014383,POP_0039478,CEC_0007531,MED_0030952,LOC107644704,arharahy.Tifrunner.gnm1.Arahy.15g03720,PHA_0019976,GLY_0059765,CUC_0009815,PRU_0025670,VIT_0006980,ACT_0013269,COF_0012598,MIM_0009530,SOL_0023618,HEL_0042270,AQU_0042671,NYM_0013289,GIN_0016217,CER_0039182	GLY_0036974,PHA_0021870,MED_0003737,LOC107618123,arharahy.Tifrunner.gnm1.Arahy.19g02172	LOC107644659,arharahy.Tifrunner.gnm1.Arahy.05g02207,ardaradu.V14167.gnm1.Aradu.A05g02316	LOC110272166,arharahy.Tifrunner.gnm1.Arahy.15g03726	ardaradu.V14167.gnm1.Aradu.A05g02264,arharahy.Tifrunner.gnm1.Arahy.05g02157	ardaradu.V14167.gnm1.Aradu.A09g02029,arharahy.Tifrunner.gnm1.Arahy.09g01885																	
OG0002522_99	COF_0000674,HEL_0026842,MIM_0008890,SOL_0029780,ACT_0036869,VIT_0025321,AQU_0028825,CIN_0011180,LIR_0037849,AMB_0021648,NYM_0007555,GIN_0000511	AMB_0005161,NYM_0022162	PHA_0004816,GLY_0027858	LOC107643631,arharahy.Tifrunner.gnm1.Arahy.11g03459																			
OG0002523_99	CHL_0013219,DUN_0011506,ACT_0034654,COF_0003959,SOL_0010718,MIM_0001997,HEL_0006470,AMB_0016251,ASP_0010055,BRA_0045179,ORY_0000675,CER_0009461,MAR_0012278,GIN_0009666,NYM_0011719,CIN_0004558,AQU_0041710,LIR_0030645,ARA_0019361,POP_0003640,CUC_0025237,PRU_0040217,VIT_0020031,CEC_0013191	GIN_0020559,AQU_0020199,ORY_0026819,BRA_0017957,ARA_0005190,CEC_0007125,PHA_0020248,GLY_0023910,MED_0031822,ardaradu.V14167.gnm1.Aradu.A05g02626,arharahy.Tifrunner.gnm1.Arahy.05g02497,CUC_0030218,PRU_0027856,POP_0007560,VIT_0026093,ACT_0023412,COF_0015731,MIM_0020949,SOL_0029053,HEL_0030378,AMB_0009172,NYM_0009140,ASP_0022819,CIN_0027247,LIR_0042367,MAR_0007592,CER_0002521	BRA_0029512,ORY_0005736																				
OG0004434_65	CHL_0018315,DUN_0008915,AMB_0016167,NYM_0032985,CER_0026622,MAR_0012594,GIN_0018790,ASP_0003658,ORY_0024759,BRA_0046191,CIN_0013614,LIR_0005661,AQU_0017577,ARA_0011870,POP_0024611,CUC_0001785,PRU_0023077,CEC_0017171,PHA_0003734,GLY_0014967,MED_0022048,ardaradu.V14167.gnm1.Aradu.A01g02308,arharahy.Tifrunner.gnm1.Arahy.01g02175,VIT_0014772,COF_0020560,SOL_0019544,MIM_0018730,HEL_0033570,ACT_0030921	ardaradu.V14167.gnm1.Aradu.A01g01724,arharahy.Tifrunner.gnm1.Arahy.01g01680	ardaradu.V14167.gnm1.Aradu.A08g01581,arharahy.Tifrunner.gnm1.Arahy.08g01608	ardaradu.V14167.gnm1.Aradu.A05g00978,arharahy.Tifrunner.gnm1.Arahy.05g00973																			
OG0004452_65	CHL_0001508,DUN_0003644,CER_0018874,MAR_0011217,GIN_0007898,NYM_0008053,AMB_0019102,ASP_0019879,ORY_0030319,BRA_0025200,CIN_0021266,LIR_0008857,ARA_0022313,CUC_0001791,PRU_0024346,POP_0025344,CEC_0013287,PHA_0001170,GLY_0022738,LOC107618535,arharahy.Tifrunner.gnm1.Arahy.19g00780,ACT_0038741,COF_0019689,MIM_0020365,SOL_0019968,HEL_0038259,AQU_0006820,VIT_0017278	LOC107633544,arharahy.Tifrunner.gnm1.Arahy.13g03385	LOC107609165,arharahy.Tifrunner.gnm1.Arahy.17g01970																				
OG0004478_64	CHL_0005284,DUN_0013445,MAR_0000861,GIN_0001202,AMB_0019938,NYM_0004980,CIN_0010443,LIR_0036788,AQU_0013779,ASP_0017530,BRA_0021224,ORY_0030945,ARA_0023294,POP_0005631,CEC_0006613,PHA_0028329,GLY_0068721,MED_0035157,LOC107622226,arharahy.Tifrunner.gnm1.Arahy.10g03133,ardaradu.V14167.gnm1.Aradu.A10g03321,CUC_0025759,PRU_0029905,VIT_0003000,HEL_0041859,SOL_0032957,MIM_0009566,COF_0021645,ACT_0031532,CER_0042798	LOC107604707,ardaradu.V14167.gnm1.Aradu.A06g02248,arharahy.Tifrunner.gnm1.Arahy.06g02094	LOC107623999,arharahy.Tifrunner.gnm1.Arahy.20g03578																				
OG0004506_64	MAR_0011900,GIN_0017793,AMB_0002743,NYM_0029359,CIN_0011912,LIR_0013297,ARA_0017113,POP_0006563,CEC_0006429,GLY_0035863,PHA_0024550,MED_0020873,LOC107625463,arharahy.Tifrunner.gnm1.Arahy.12g01931,ardaradu.V14167.gnm1.Aradu.A06g03299,CUC_0025672,PRU_0027002,VIT_0002771,ACT_0005121,COF_0016282,SOL_0018230,MIM_0022023,HEL_0003411,AQU_0001170,ASP_0000979,ORY_0030108,BRA_0002833,CER_0036851,CHL_0018025,DUN_0009399	ardaradu.V14167.gnm1.Aradu.A01g00116,arharahy.Tifrunner.gnm1.Arahy.01g00127	ardaradu.V14167.gnm1.Aradu.A02g01748,arharahy.Tifrunner.gnm1.Arahy.02g01681																				
OG0008026_40	CHL_0002245,DUN_0006270,CUC_0028765,ARA_0016098,CER_0056533,GIN_0005665,MAR_0021230,CEC_0005270,PHA_0028533,GLY_0010260,LOC107645657,arharahy.Tifrunner.gnm1.Arahy.16g00752,MED_0036576,POP_0002327,VIT_0021395,AMB_0007751,NYM_0024792,ASP_0018273,BRA_0036381,ORY_0015209,CIN_0008476,LIR_0008502,AQU_0000381,HEL_0036484,MIM_0006923,COF_0002180,ACT_0016563,SOL_0027103,PRU_0033075	LOC107646021,arharahy.Tifrunner.gnm1.Arahy.16g00897	LOC110263152,arharahy.Tifrunner.gnm1.Arahy.16g00896																				
